CREATE TABLE CLIENTE (
  ID INT(11) NOT NULL AUTO_INCREMENT,
  ATIVO BIT(1) DEFAULT NULL,
  CONTATO VARCHAR(60) DEFAULT NULL,
  CPF VARCHAR(14) DEFAULT NULL,
  DATA_CADASTRO DATETIME DEFAULT NULL,
  DATA_NASCIMENTO DATETIME DEFAULT NULL,
  DDD_FONE1 VARCHAR(2) DEFAULT NULL,
  DDD_FONE2 VARCHAR(2) DEFAULT NULL,
  EMAIL VARCHAR(80) DEFAULT NULL,
  BAIRRO VARCHAR(150) DEFAULT NULL,
  CEP VARCHAR(10) DEFAULT NULL,
  CIDADE VARCHAR(80) DEFAULT NULL,
  COMPLEMENTO VARCHAR(150) DEFAULT NULL,
  ESTADO VARCHAR(80) DEFAULT NULL,
  LOGRADOURO VARCHAR(150) DEFAULT NULL,
  NUMERO VARCHAR(10) DEFAULT NULL,
  FONE1 VARCHAR(9) DEFAULT NULL,
  FONE2 VARCHAR(9) DEFAULT NULL,
  ID_USUARIO INT(11) DEFAULT NULL,
  LOCAL_TRABALHO VARCHAR(60) DEFAULT NULL,
  LOJA VARCHAR(60) DEFAULT NULL,
  NOME_FULL VARCHAR(150) DEFAULT NULL,
  SEXO INT(11) DEFAULT NULL,
  PRIMARY KEY (ID)
) ENGINE=INNODB AUTO_INCREMENT=7 DEFAULT CHARSET=LATIN1;


INSERT INTO CLIENTE(ID,ATIVO,CONTATO,CPF,DATA_CADASTRO,DATA_NASCIMENTO,DDD_FONE1,DDD_FONE2,EMAIL,BAIRRO,CEP,CIDADE,COMPLEMENTO,ESTADO,LOGRADOURO,NUMERO,FONE1,FONE2,ID_USUARIO,LOCAL_TRABALHO,LOJA,NOME_FULL,SEXO) VALUES (1,1,'LEANDRO','333.333.333-33',NULL,NULL,'11',' ',' ',' ',' ',' ',' ','SP',' ',' ','1111-1111',' ',NULL,' ','TESTE','WAGNER',NULL);
INSERT INTO CLIENTE(ID,ATIVO,CONTATO,CPF,DATA_CADASTRO,DATA_NASCIMENTO,DDD_FONE1,DDD_FONE2,EMAIL,BAIRRO,CEP,CIDADE,COMPLEMENTO,ESTADO,LOGRADOURO,NUMERO,FONE1,FONE2,ID_USUARIO,LOCAL_TRABALHO,LOJA,NOME_FULL,SEXO) VALUES (2,1,'LEANDRO','222.222.222-22',NULL,NULL,'11',' ',' ',' ',' ',' ',' ','SP',' ',' ','1111-1111',' ',NULL,' ','TESTE','RENATA',NULL);
INSERT INTO CLIENTE(ID,ATIVO,CONTATO,CPF,DATA_CADASTRO,DATA_NASCIMENTO,DDD_FONE1,DDD_FONE2,EMAIL,BAIRRO,CEP,CIDADE,COMPLEMENTO,ESTADO,LOGRADOURO,NUMERO,FONE1,FONE2,ID_USUARIO,LOCAL_TRABALHO,LOJA,NOME_FULL,SEXO) VALUES (3,1,'LEANDRO','393.167.328-08',NULL,NULL,'11','11',' ',' ',' ',' ',' ','SP','JESUINO NICOMEDIO DOS SANTOS','100','4544-4930','6509-6906',NULL,'FSDAFSDA','FATO MANO ','PATRICIA OLIVEIRA FELICIANO',1);
INSERT INTO CLIENTE(ID,ATIVO,CONTATO,CPF,DATA_CADASTRO,DATA_NASCIMENTO,DDD_FONE1,DDD_FONE2,EMAIL,BAIRRO,CEP,CIDADE,COMPLEMENTO,ESTADO,LOGRADOURO,NUMERO,FONE1,FONE2,ID_USUARIO,LOCAL_TRABALHO,LOJA,NOME_FULL,SEXO) VALUES (4,1,'LEANDRO','666.666.666-66',NULL,NULL,'11',' ',' ',' ',' ',' ',' ','SP',' ',' ','1111-1111',' ',NULL,' ','LOJA DO WAGNAO','WAGNER ARAUJO',NULL);
INSERT INTO CLIENTE(ID,ATIVO,CONTATO,CPF,DATA_CADASTRO,DATA_NASCIMENTO,DDD_FONE1,DDD_FONE2,EMAIL,BAIRRO,CEP,CIDADE,COMPLEMENTO,ESTADO,LOGRADOURO,NUMERO,FONE1,FONE2,ID_USUARIO,LOCAL_TRABALHO,LOJA,NOME_FULL,SEXO) VALUES (5,0,'JUNIOR','888.888.888-88',NULL,NULL,'22','1','WAG182@GMAIL.COM',' ',' ',' ',' ','SP',' ',' ','2222-2222',' ',NULL,' ','FDSAFSFDSFS','FDSAFSAD',0);
INSERT INTO CLIENTE(ID,ATIVO,CONTATO,CPF,DATA_CADASTRO,DATA_NASCIMENTO,DDD_FONE1,DDD_FONE2,EMAIL,BAIRRO,CEP,CIDADE,COMPLEMENTO,ESTADO,LOGRADOURO,NUMERO,FONE1,FONE2,ID_USUARIO,LOCAL_TRABALHO,LOJA,NOME_FULL,SEXO) VALUES (6,1,'LEANDRO','340.154.007-00',NULL,'1498-08-21 00:00:00','11','12','PAULOE@HOTMAIL.COM','NLKNKLN','03202-603',' ','NKLNKLNK','SP','NNKNKLNLNN','NKLNLKNL','7748-4613','1321-5165',NULL,' ','N JNFNNJ','ELISEU PEREZ JUNIOR',0);



CREATE TABLE VENDEDOR (
  ID INT(11) NOT NULL AUTO_INCREMENT,
  NOME VARCHAR(50) NOT NULL,
  TELEFONE VARCHAR(15) DEFAULT NULL,
  ATIVO TINYINT(4) DEFAULT NULL,
  PRIMARY KEY (ID)
) ENGINE=INNODB AUTO_INCREMENT=3 DEFAULT CHARSET=LATIN1;


INSERT INTO VENDEDOR(ID,NOME,TELEFONE,ATIVO) VALUES (1,'JUNINHO','(11)1111-1111',1);
INSERT INTO VENDEDOR(ID,NOME,TELEFONE,ATIVO) VALUES (2,'LEANDRO','(22)2222-2224',1);


CREATE TABLE FORNECEDOR (
  ID INT(11) NOT NULL AUTO_INCREMENT,
  CONTATO VARCHAR(80) DEFAULT NULL,
  DADOS_PAGAMENTO VARCHAR(255) DEFAULT NULL,
  EMAIL VARCHAR(100) DEFAULT NULL,
  ENDERECO VARCHAR(200) DEFAULT NULL,
  NOME VARCHAR(80) DEFAULT NULL,
  OBSERVACAO VARCHAR(255) DEFAULT NULL,
  SITE VARCHAR(100) DEFAULT NULL,
  TELEFONE1 VARCHAR(13) DEFAULT NULL,
  TELEFONE2 VARCHAR(13) DEFAULT NULL,
  ATIVO BIT(1) DEFAULT NULL,
  PRIMARY KEY (ID)
) ENGINE=INNODB AUTO_INCREMENT=6 DEFAULT CHARSET=LATIN1;


INSERT INTO FORNECEDOR(ID,CONTATO,DADOS_PAGAMENTO,EMAIL,ENDERECO,NOME,OBSERVACAO,SITE,TELEFONE1,TELEFONE2,ATIVO) VALUES (1,NULL,'','','','WAGNER','','','','',1);
INSERT INTO FORNECEDOR(ID,CONTATO,DADOS_PAGAMENTO,EMAIL,ENDERECO,NOME,OBSERVACAO,SITE,TELEFONE1,TELEFONE2,ATIVO) VALUES (2,NULL,'','','','PEDRO','','','','',1);
INSERT INTO FORNECEDOR(ID,CONTATO,DADOS_PAGAMENTO,EMAIL,ENDERECO,NOME,OBSERVACAO,SITE,TELEFONE1,TELEFONE2,ATIVO) VALUES (3,NULL,'','','','JOAO','','','','',1);
INSERT INTO FORNECEDOR(ID,CONTATO,DADOS_PAGAMENTO,EMAIL,ENDERECO,NOME,OBSERVACAO,SITE,TELEFONE1,TELEFONE2,ATIVO) VALUES (4,NULL,'Á VISTA','GRACI@HOTMAIL.COM','','GRACI','','','','',0);
INSERT INTO FORNECEDOR(ID,CONTATO,DADOS_PAGAMENTO,EMAIL,ENDERECO,NOME,OBSERVACAO,SITE,TELEFONE1,TELEFONE2,ATIVO) VALUES (5,NULL,'','','','GRACI','','','','',1);




CREATE TABLE PERFUME (
  ID INT(11) NOT NULL AUTO_INCREMENT,
  MARCA VARCHAR(100) DEFAULT NULL,
  NOME VARCHAR(100) DEFAULT NULL,
  OBSERVACAO VARCHAR(255) DEFAULT NULL,
  TAMANHO VARCHAR(30) DEFAULT NULL,
  TIPO VARCHAR(80) DEFAULT NULL,
  ATIVO BIT(1) DEFAULT NULL,
  PRIMARY KEY (ID)
) ENGINE=INNODB AUTO_INCREMENT=25 DEFAULT CHARSET=LATIN1;


INSERT INTO PERFUME(ID,MARCA,NOME,OBSERVACAO,TAMANHO,TIPO,ATIVO) VALUES (1,'POLO','POLO EXPLORER',' ','100','MASCULINO',1);
INSERT INTO PERFUME(ID,MARCA,NOME,OBSERVACAO,TAMANHO,TIPO,ATIVO) VALUES (2,'FERRARI','FERRARI',' ','100','MASCULINO',0);
INSERT INTO PERFUME(ID,MARCA,NOME,OBSERVACAO,TAMANHO,TIPO,ATIVO) VALUES (3,'CK','CALVIN KLEIN',' ','100','MASCULINO',1);
INSERT INTO PERFUME(ID,MARCA,NOME,OBSERVACAO,TAMANHO,TIPO,ATIVO) VALUES (4,'CALVIN KLEIN','CK BE ',' ','100','UNISEXY',1);
INSERT INTO PERFUME(ID,MARCA,NOME,OBSERVACAO,TAMANHO,TIPO,ATIVO) VALUES (5,'ANIMALE','ANIMALE',' ','100','MASCULINO',1);
INSERT INTO PERFUME(ID,MARCA,NOME,OBSERVACAO,TAMANHO,TIPO,ATIVO) VALUES (6,'100','ANIMALE ANIMALE',' ','100','MASCULINO',0);
INSERT INTO PERFUME(ID,MARCA,NOME,OBSERVACAO,TAMANHO,TIPO,ATIVO) VALUES (7,'ANIMALE','ANIMALE BLACK',' ','100','MASCULINO',1);
INSERT INTO PERFUME(ID,MARCA,NOME,OBSERVACAO,TAMANHO,TIPO,ATIVO) VALUES (8,'AZZARO','AZZARO',' ','100','MASCULINO',1);
INSERT INTO PERFUME(ID,MARCA,NOME,OBSERVACAO,TAMANHO,TIPO,ATIVO) VALUES (9,'AZZARO','AZZARO CHROME',' ','100','MASCULINO',1);
INSERT INTO PERFUME(ID,MARCA,NOME,OBSERVACAO,TAMANHO,TIPO,ATIVO) VALUES (10,'BURBERRY','BURBERRY',' ','100','MASCULINO',1);
INSERT INTO PERFUME(ID,MARCA,NOME,OBSERVACAO,TAMANHO,TIPO,ATIVO) VALUES (11,'BURBERRY','BURBERRY BRIT',' ','100','MASCULINO',1);
INSERT INTO PERFUME(ID,MARCA,NOME,OBSERVACAO,TAMANHO,TIPO,ATIVO) VALUES (12,'BURBERRY','BURBERRY THE BEAT',' ','100','MASCULINO',1);
INSERT INTO PERFUME(ID,MARCA,NOME,OBSERVACAO,TAMANHO,TIPO,ATIVO) VALUES (13,'BULGARI','BULGARI',' ','100','MASCULINO',1);
INSERT INTO PERFUME(ID,MARCA,NOME,OBSERVACAO,TAMANHO,TIPO,ATIVO) VALUES (14,'BULGARI','BULGARI EXTREME',' ','100','MASCULINO',1);
INSERT INTO PERFUME(ID,MARCA,NOME,OBSERVACAO,TAMANHO,TIPO,ATIVO) VALUES (15,'BULGARI','BULGARI ACQUA',' ','100','MASCULINO',1);
INSERT INTO PERFUME(ID,MARCA,NOME,OBSERVACAO,TAMANHO,TIPO,ATIVO) VALUES (16,'BULGARI','BULGARI BLACK',' ','75','MASCULINO',1);
INSERT INTO PERFUME(ID,MARCA,NOME,OBSERVACAO,TAMANHO,TIPO,ATIVO) VALUES (17,'BULGARI','BULGARI BLV ',' ','100','MASCULINO',1);
INSERT INTO PERFUME(ID,MARCA,NOME,OBSERVACAO,TAMANHO,TIPO,ATIVO) VALUES (18,'BULGARI','BULGARI BLV ',' ','100','MASCULINO',1);
INSERT INTO PERFUME(ID,MARCA,NOME,OBSERVACAO,TAMANHO,TIPO,ATIVO) VALUES (19,'CALVIN KLEIN','CK BE ',' ','200','UNISEXY',1);
INSERT INTO PERFUME(ID,MARCA,NOME,OBSERVACAO,TAMANHO,TIPO,ATIVO) VALUES (20,'CALVIN KLEIN','CK IN 2 U',' ','150','MASCULINO',1);
INSERT INTO PERFUME(ID,MARCA,NOME,OBSERVACAO,TAMANHO,TIPO,ATIVO) VALUES (21,'CHANEL','ALLURE SPORT',' ','100','MASCULINO',1);
INSERT INTO PERFUME(ID,MARCA,NOME,OBSERVACAO,TAMANHO,TIPO,ATIVO) VALUES (22,'CHANEL','COCO MADEMOSELE',' ','100','FEMININO',1);
INSERT INTO PERFUME(ID,MARCA,NOME,OBSERVACAO,TAMANHO,TIPO,ATIVO) VALUES (23,'CALVIN KLEIN','EUPHORIA',' ','100','MASCULINO',1);
INSERT INTO PERFUME(ID,MARCA,NOME,OBSERVACAO,TAMANHO,TIPO,ATIVO) VALUES (24,'CAROLINA HERRERA','212',' ','100','MASCULINO',1);


CREATE TABLE USUARIO (
  ID INT(11) NOT NULL AUTO_INCREMENT,
  ATIVO BIT(1) DEFAULT NULL,
  DATA_CADASTRO DATETIME DEFAULT NULL,
  NOME VARCHAR(50) DEFAULT NULL,
  NOME_USUARIO VARCHAR(60) NOT NULL,
  SENHA VARCHAR(100) DEFAULT NULL,
  EMAIL VARCHAR(100) DEFAULT NULL,
  PRIMARY KEY (ID)
) ENGINE=INNODB AUTO_INCREMENT=34 DEFAULT CHARSET=LATIN1;


INSERT INTO USUARIO(ID,ATIVO,DATA_CADASTRO,NOME,NOME_USUARIO,SENHA,EMAIL) VALUES (1,1,'2010-10-12 00:00:00','WAGNER.ARAUJO','WAGNER JERONIMO','202CFFFFFFB962FFFFFFAC5975BFFFFFF964B7152D234B70','WAG182@GMAIL.COM');
INSERT INTO USUARIO(ID,ATIVO,DATA_CADASTRO,NOME,NOME_USUARIO,SENHA,EMAIL) VALUES (31,1,'2011-02-08 00:00:00','ADMIN','ADMIN','202CFFFFFFB962FFFFFFAC5975BFFFFFF964B7152D234B70','WAG182@GMAIL.COM');
INSERT INTO USUARIO(ID,ATIVO,DATA_CADASTRO,NOME,NOME_USUARIO,SENHA,EMAIL) VALUES (32,1,'2011-02-08 10:51:38','LE','LEANDRO','FFFFFFD9FFFFFFF9133FFFFFFFB120FFFFFFCD60FFFFFF96FFFFFF87BFFFFFFC2FFFFFFB4FFFFFF96FFFFFF805B','JL.PERFUMES.IMPORTADOS@HOTMAIL.COM');
INSERT INTO USUARIO(ID,ATIVO,DATA_CADASTRO,NOME,NOME_USUARIO,SENHA,EMAIL) VALUES (33,1,'2011-03-01 21:03:34','PAULO','PAULO','202CFFFFFFB962FFFFFFAC5975BFFFFFF964B7152D234B70','PAULO@HOTMAIL.COM');



CREATE TABLE VENDA (
  ID INT(11) NOT NULL AUTO_INCREMENT,
  ID_VENDEDOR INT(11) NOT NULL,
  ID_CLIENTE INT(11) NOT NULL,
  DATA_VENDA DATE NOT NULL,
  ID_FORMA_PAGAMENTO INT(11) NOT NULL,
  VALOR_VENDA DOUBLE DEFAULT NULL,
  OBS VARCHAR(255) DEFAULT NULL,
  DATA_PGTO DATE DEFAULT NULL,
  PRIMARY KEY (ID),
  KEY VENDAXCLIENTE (ID_CLIENTE),
  KEY VENDAXVENDEDOR (ID_VENDEDOR),
  CONSTRAINT VENDAXCLIENTE FOREIGN KEY (ID_CLIENTE) REFERENCES CLIENTE (ID),
  CONSTRAINT VENDAXVENDEDOR FOREIGN KEY (ID_VENDEDOR) REFERENCES VENDEDOR (ID)
) ENGINE=INNODB AUTO_INCREMENT=7 DEFAULT CHARSET=LATIN1;


INSERT INTO VENDA(ID,ID_VENDEDOR,ID_CLIENTE,DATA_VENDA,ID_FORMA_PAGAMENTO,VALOR_VENDA,OBS,DATA_PGTO) VALUES (3,1,1,'2011-02-07 00:00:00',1,600,'',NULL);
INSERT INTO VENDA(ID,ID_VENDEDOR,ID_CLIENTE,DATA_VENDA,ID_FORMA_PAGAMENTO,VALOR_VENDA,OBS,DATA_PGTO) VALUES (4,2,1,'2011-03-01 00:00:00',2,10,'',NULL);
INSERT INTO VENDA(ID,ID_VENDEDOR,ID_CLIENTE,DATA_VENDA,ID_FORMA_PAGAMENTO,VALOR_VENDA,OBS,DATA_PGTO) VALUES (5,2,2,'2011-03-01 00:00:00',2,10,'',NULL);
INSERT INTO VENDA(ID,ID_VENDEDOR,ID_CLIENTE,DATA_VENDA,ID_FORMA_PAGAMENTO,VALOR_VENDA,OBS,DATA_PGTO) VALUES (6,2,1,'2011-03-01 00:00:00',1,1.25,'',NULL);



CREATE TABLE ESTOQUE_ENTRADA (
  ID INT(11) NOT NULL AUTO_INCREMENT,
  ID_LOTE INT(11) NOT NULL,
  ID_VENDEDOR INT(11) NOT NULL,
  ID_PERFUME INT(11) NOT NULL,
  QTDE INT(11) NOT NULL,
  PRIMARY KEY (ID)
) ENGINE=INNODB AUTO_INCREMENT=5 DEFAULT CHARSET=LATIN1;


INSERT INTO ESTOQUE_ENTRADA(ID,ID_LOTE,ID_VENDEDOR,ID_PERFUME,QTDE) VALUES (1,1,1,5,3);
INSERT INTO ESTOQUE_ENTRADA(ID,ID_LOTE,ID_VENDEDOR,ID_PERFUME,QTDE) VALUES (2,1,2,5,2);
INSERT INTO ESTOQUE_ENTRADA(ID,ID_LOTE,ID_VENDEDOR,ID_PERFUME,QTDE) VALUES (3,1,1,8,3);
INSERT INTO ESTOQUE_ENTRADA(ID,ID_LOTE,ID_VENDEDOR,ID_PERFUME,QTDE) VALUES (4,1,2,8,3);





CREATE TABLE LOTE (
  ID INT(11) NOT NULL AUTO_INCREMENT,
  DATA_COMPRA TIMESTAMP NOT NULL DEFAULT CURRENT_TIMESTAMP ON UPDATE CURRENT_TIMESTAMP,
  ID_FORNECEDOR INT(11) NOT NULL,
  OBSERVACAO VARCHAR(255) DEFAULT NULL,
  PRIMARY KEY (ID),
  KEY LOTEXFORNECEDOR (ID_FORNECEDOR),
  CONSTRAINT LOTEXFORNECEDOR FOREIGN KEY (ID_FORNECEDOR) REFERENCES FORNECEDOR (ID)
) ENGINE=INNODB AUTO_INCREMENT=9 DEFAULT CHARSET=LATIN1;


INSERT INTO LOTE(ID,DATA_COMPRA,ID_FORNECEDOR,OBSERVACAO) VALUES (1,'2011-02-07 00:00:00',1,'TESTE');
INSERT INTO LOTE(ID,DATA_COMPRA,ID_FORNECEDOR,OBSERVACAO) VALUES (2,'2011-03-01 00:00:00',1,'');
INSERT INTO LOTE(ID,DATA_COMPRA,ID_FORNECEDOR,OBSERVACAO) VALUES (3,'2011-03-01 00:00:00',1,'');
INSERT INTO LOTE(ID,DATA_COMPRA,ID_FORNECEDOR,OBSERVACAO) VALUES (4,'2011-03-01 00:00:00',1,'');
INSERT INTO LOTE(ID,DATA_COMPRA,ID_FORNECEDOR,OBSERVACAO) VALUES (5,'2011-03-01 00:00:00',5,'');
INSERT INTO LOTE(ID,DATA_COMPRA,ID_FORNECEDOR,OBSERVACAO) VALUES (6,'2011-03-02 00:00:00',5,'');
INSERT INTO LOTE(ID,DATA_COMPRA,ID_FORNECEDOR,OBSERVACAO) VALUES (7,'2011-03-09 00:00:00',1,'TESTE');
INSERT INTO LOTE(ID,DATA_COMPRA,ID_FORNECEDOR,OBSERVACAO) VALUES (8,'2011-03-10 00:00:00',1,'TESTE3');




CREATE TABLE LOTEXPRODUTO (
  ID INT(11) NOT NULL AUTO_INCREMENT,
  PRECO DOUBLE NOT NULL,
  QUANTIDADE INT(11) NOT NULL,
  ID_PERFUME INT(11) NOT NULL,
  ID_LOTE INT(11) NOT NULL,
  PRIMARY KEY (ID),
  KEY LOTEXPRODUTO_IBFK_1 (ID_PERFUME),
  KEY LOTEXPRODUTO_IDLOTE (ID_LOTE),
  CONSTRAINT LOTEXPRODUTO_IBFK_1 FOREIGN KEY (ID_PERFUME) REFERENCES PERFUME (ID),
  CONSTRAINT LOTEXPRODUTO_IDLOTE FOREIGN KEY (ID_LOTE) REFERENCES LOTE (ID)
) ENGINE=INNODB AUTO_INCREMENT=22 DEFAULT CHARSET=LATIN1;


INSERT INTO LOTEXPRODUTO(ID,PRECO,QUANTIDADE,ID_PERFUME,ID_LOTE) VALUES (3,100,5,5,1);
INSERT INTO LOTEXPRODUTO(ID,PRECO,QUANTIDADE,ID_PERFUME,ID_LOTE) VALUES (4,100,6,8,1);
INSERT INTO LOTEXPRODUTO(ID,PRECO,QUANTIDADE,ID_PERFUME,ID_LOTE) VALUES (5,78,10,21,2);
INSERT INTO LOTEXPRODUTO(ID,PRECO,QUANTIDADE,ID_PERFUME,ID_LOTE) VALUES (6,78,15,21,3);
INSERT INTO LOTEXPRODUTO(ID,PRECO,QUANTIDADE,ID_PERFUME,ID_LOTE) VALUES (7,10,20,21,4);
INSERT INTO LOTEXPRODUTO(ID,PRECO,QUANTIDADE,ID_PERFUME,ID_LOTE) VALUES (8,1,20,5,4);
INSERT INTO LOTEXPRODUTO(ID,PRECO,QUANTIDADE,ID_PERFUME,ID_LOTE) VALUES (9,2,100,7,4);
INSERT INTO LOTEXPRODUTO(ID,PRECO,QUANTIDADE,ID_PERFUME,ID_LOTE) VALUES (10,50,1121,8,4);
INSERT INTO LOTEXPRODUTO(ID,PRECO,QUANTIDADE,ID_PERFUME,ID_LOTE) VALUES (11,0.01,26,9,4);
INSERT INTO LOTEXPRODUTO(ID,PRECO,QUANTIDADE,ID_PERFUME,ID_LOTE) VALUES (12,1,10,21,5);
INSERT INTO LOTEXPRODUTO(ID,PRECO,QUANTIDADE,ID_PERFUME,ID_LOTE) VALUES (13,1,11,5,5);
INSERT INTO LOTEXPRODUTO(ID,PRECO,QUANTIDADE,ID_PERFUME,ID_LOTE) VALUES (14,10,12,6,5);
INSERT INTO LOTEXPRODUTO(ID,PRECO,QUANTIDADE,ID_PERFUME,ID_LOTE) VALUES (15,1,10,24,5);
INSERT INTO LOTEXPRODUTO(ID,PRECO,QUANTIDADE,ID_PERFUME,ID_LOTE) VALUES (16,3.21,4,21,6);
INSERT INTO LOTEXPRODUTO(ID,PRECO,QUANTIDADE,ID_PERFUME,ID_LOTE) VALUES (17,3.33,6,5,6);
INSERT INTO LOTEXPRODUTO(ID,PRECO,QUANTIDADE,ID_PERFUME,ID_LOTE) VALUES (18,0.11,5,24,6);
INSERT INTO LOTEXPRODUTO(ID,PRECO,QUANTIDADE,ID_PERFUME,ID_LOTE) VALUES (19,100,10,21,7);
INSERT INTO LOTEXPRODUTO(ID,PRECO,QUANTIDADE,ID_PERFUME,ID_LOTE) VALUES (20,100,10,21,8);
INSERT INTO LOTEXPRODUTO(ID,PRECO,QUANTIDADE,ID_PERFUME,ID_LOTE) VALUES (21,100,20,7,8);





CREATE TABLE VENDA_PRAZO (
  ID INT(11) NOT NULL AUTO_INCREMENT,
  ID_VENDA INT(11) NOT NULL,
  DIAS INT(11) NOT NULL,
  DATA_VENCIMENTO DATE NOT NULL,
  PAGO TINYINT(4) NOT NULL,
  PRIMARY KEY (ID),
  KEY VENDAPRAZOXVENDA (ID_VENDA),
  CONSTRAINT VENDAPRAZOXVENDA FOREIGN KEY (ID_VENDA) REFERENCES VENDA (ID)
) ENGINE=INNODB AUTO_INCREMENT=10 DEFAULT CHARSET=LATIN1;


INSERT INTO VENDA_PRAZO(ID,ID_VENDA,DIAS,DATA_VENCIMENTO,PAGO) VALUES (4,5,30,'2011-03-31 00:00:00',0);
INSERT INTO VENDA_PRAZO(ID,ID_VENDA,DIAS,DATA_VENCIMENTO,PAGO) VALUES (5,5,15,'2011-03-16 00:00:00',0);
INSERT INTO VENDA_PRAZO(ID,ID_VENDA,DIAS,DATA_VENCIMENTO,PAGO) VALUES (6,5,45,'2011-04-15 00:00:00',0);
INSERT INTO VENDA_PRAZO(ID,ID_VENDA,DIAS,DATA_VENCIMENTO,PAGO) VALUES (7,4,30,'2011-03-31 00:00:00',0);
INSERT INTO VENDA_PRAZO(ID,ID_VENDA,DIAS,DATA_VENCIMENTO,PAGO) VALUES (8,4,13,'2011-03-14 00:00:00',0);
INSERT INTO VENDA_PRAZO(ID,ID_VENDA,DIAS,DATA_VENCIMENTO,PAGO) VALUES (9,4,45,'2011-04-15 00:00:00',0);





CREATE TABLE VENDA_PAGAMENTO (
  ID INT(11) NOT NULL AUTO_INCREMENT,
  DATA DATETIME NOT NULL,
  VALOR DOUBLE NOT NULL,
  ID_VENDA INT(11) NOT NULL,
  PRIMARY KEY (ID),
  KEY VENDAPAGAMENTOXVENDA (ID_VENDA),
  CONSTRAINT VENDAPAGAMENTOXVENDA FOREIGN KEY (ID_VENDA) REFERENCES VENDA (ID)
) ENGINE=INNODB AUTO_INCREMENT=5 DEFAULT CHARSET=LATIN1;


INSERT INTO VENDA_PAGAMENTO(ID,DATA,VALOR,ID_VENDA) VALUES (3,'2011-02-09 00:00:00',600,3);
INSERT INTO VENDA_PAGAMENTO(ID,DATA,VALOR,ID_VENDA) VALUES (4,'2011-03-15 00:00:00',1,4);




CREATE TABLE VENDA_ITEM (
  ID INT(11) NOT NULL AUTO_INCREMENT,
  ID_VENDA INT(11) NOT NULL,
  ID_PERFUME INT(11) NOT NULL,
  QTDE INT(11) NOT NULL,
  PRECO_UNITARIO DOUBLE NOT NULL,
  PRIMARY KEY (ID),
  KEY VENDAITEMXPERFUME (ID_PERFUME),
  KEY VENDAITEMXVENDA (ID_VENDA),
  CONSTRAINT VENDAITEMXPERFUME FOREIGN KEY (ID_PERFUME) REFERENCES PERFUME (ID),
  CONSTRAINT VENDAITEMXVENDA FOREIGN KEY (ID_VENDA) REFERENCES VENDA (ID)
) ENGINE=INNODB AUTO_INCREMENT=9 DEFAULT CHARSET=LATIN1;


INSERT INTO VENDA_ITEM(ID,ID_VENDA,ID_PERFUME,QTDE,PRECO_UNITARIO) VALUES (3,3,5,3,100);
INSERT INTO VENDA_ITEM(ID,ID_VENDA,ID_PERFUME,QTDE,PRECO_UNITARIO) VALUES (4,3,8,3,100);
INSERT INTO VENDA_ITEM(ID,ID_VENDA,ID_PERFUME,QTDE,PRECO_UNITARIO) VALUES (6,5,8,1,10);
INSERT INTO VENDA_ITEM(ID,ID_VENDA,ID_PERFUME,QTDE,PRECO_UNITARIO) VALUES (7,6,8,1,1.25);
INSERT INTO VENDA_ITEM(ID,ID_VENDA,ID_PERFUME,QTDE,PRECO_UNITARIO) VALUES (8,4,5,1,10);



CREATE TABLE ESTOQUE_AJUSTE_SAIDA (
  ID INT(11) NOT NULL AUTO_INCREMENT,
  ID_LOTE INT(11) NOT NULL,
  QTDE INT(11) NOT NULL,
  ID_PERFUME INT(11) NOT NULL,
  ID_VENDEDOR INT(11) NOT NULL,
  OBS VARCHAR(255) DEFAULT NULL,
  PRIMARY KEY (ID),
  KEY ESTOQUEXLOTE (ID_LOTE),
  KEY ESTOQUEXPERFUME (ID_PERFUME),
  KEY ESTOQUEXVENDEDOR (ID_VENDEDOR),
  CONSTRAINT ESTOQUEXLOTE FOREIGN KEY (ID_LOTE) REFERENCES LOTE (ID),
  CONSTRAINT ESTOQUEXPERFUME FOREIGN KEY (ID_PERFUME) REFERENCES PERFUME (ID),
  CONSTRAINT ESTOQUEXVENDEDOR FOREIGN KEY (ID_VENDEDOR) REFERENCES VENDEDOR (ID)
) ENGINE=INNODB DEFAULT CHARSET=LATIN1;

COMMIT